{
  "name": "sehha-plus",
  "version": "1.0.0",
  "description": "AI-powered medical pre-diagnosis platform",
  "main": "server/index.js",
  "scripts": {
    "start": "NODE_ENV=production node server/index.js",
    "dev": "NODE_ENV=development tsx server/index.ts",
    "build": "vite build && tsc server/index.ts --outDir dist --target es2020 --module commonjs --esModuleInterop --allowSyntheticDefaultImports",
    "db:push": "drizzle-kit push",
    "db:studio": "drizzle-kit studio",
    "postinstall": "npm run build"
  },
  "dependencies": {
    "@anthropic-ai/sdk": "^0.27.3",
    "@hookform/resolvers": "^3.3.2",
    "@neondatabase/serverless": "^0.9.4",
    "@radix-ui/react-accordion": "^1.1.2",
    "@radix-ui/react-alert-dialog": "^1.0.5",
    "@radix-ui/react-aspect-ratio": "^1.0.3",
    "@radix-ui/react-avatar": "^1.0.4",
    "@radix-ui/react-checkbox": "^1.0.4",
    "@radix-ui/react-collapsible": "^1.0.3",
    "@radix-ui/react-context-menu": "^2.1.5",
    "@radix-ui/react-dialog": "^1.0.5",
    "@radix-ui/react-dropdown-menu": "^2.0.6",
    "@radix-ui/react-hover-card": "^1.0.7",
    "@radix-ui/react-label": "^2.0.2",
    "@radix-ui/react-menubar": "^1.0.4",
    "@radix-ui/react-navigation-menu": "^1.1.4",
    "@radix-ui/react-popover": "^1.0.7",
    "@radix-ui/react-progress": "^1.0.3",
    "@radix-ui/react-radio-group": "^1.1.3",
    "@radix-ui/react-scroll-area": "^1.0.5",
    "@radix-ui/react-select": "^2.0.0",
    "@radix-ui/react-separator": "^1.0.3",
    "@radix-ui/react-slider": "^1.1.2",
    "@radix-ui/react-slot": "^1.0.2",
    "@radix-ui/react-switch": "^1.0.3",
    "@radix-ui/react-tabs": "^1.0.4",
    "@radix-ui/react-toast": "^1.1.5",
    "@radix-ui/react-toggle": "^1.0.3",
    "@radix-ui/react-toggle-group": "^1.0.4",
    "@radix-ui/react-tooltip": "^1.0.7",
    "@tanstack/react-query": "^5.17.15",
    "axios": "^1.6.2",
    "bcrypt": "^5.1.1",
    "cheerio": "^1.0.0-rc.12",
    "class-variance-authority": "^0.7.0",
    "clsx": "^2.0.0",
    "cmdk": "^0.2.0",
    "connect-pg-simple": "^9.0.1",
    "date-fns": "^3.0.6",
    "drizzle-orm": "^0.29.1",
    "drizzle-zod": "^0.5.1",
    "embla-carousel-react": "^8.0.0",
    "express": "^4.18.2",
    "express-session": "^1.17.3",
    "framer-motion": "^10.16.16",
    "groq-sdk": "^0.7.0",
    "input-otp": "^1.2.4",
    "jsonwebtoken": "^9.0.2",
    "lucide-react": "^0.303.0",
    "memoizee": "^0.4.15",
    "memorystore": "^1.6.7",
    "next-themes": "^0.2.1",
    "nodemailer": "^6.9.8",
    "openai": "^4.26.0",
    "openid-client": "^5.6.4",
    "passport": "^0.7.0",
    "passport-local": "^1.0.0",
    "pdfkit": "^0.14.0",
    "pg": "^8.11.3",
    "qrcode": "^1.5.3",
    "react": "^18.2.0",
    "react-day-picker": "^8.10.0",
    "react-dom": "^18.2.0",
    "react-hook-form": "^7.48.2",
    "react-icons": "^4.12.0",
    "react-resizable-panels": "^0.0.55",
    "recharts": "^2.9.3",
    "tailwind-merge": "^2.2.0",
    "tailwindcss": "^3.4.0",
    "tailwindcss-animate": "^1.0.7",
    "tsx": "^4.7.0",
    "tw-animate-css": "^0.1.0",
    "typescript": "^5.3.3",
    "vaul": "^0.9.0",
    "wouter": "^3.0.0",
    "ws": "^8.16.0",
    "zod": "^3.22.4",
    "zod-validation-error": "^2.1.0"
  },
  "devDependencies": {
    "@types/bcrypt": "^5.0.2",
    "@types/connect-pg-simple": "^7.0.3",
    "@types/express": "^4.17.21",
    "@types/express-session": "^1.17.10",
    "@types/jsonwebtoken": "^9.0.5",
    "@types/memoizee": "^0.4.11",
    "@types/node": "^20.10.6",
    "@types/nodemailer": "^6.4.14",
    "@types/passport": "^1.0.16",
    "@types/passport-local": "^1.0.38",
    "@types/pdfkit": "^0.12.12",
    "@types/pg": "^8.10.9",
    "@types/qrcode": "^1.5.5",
    "@types/react": "^18.2.46",
    "@types/react-dom": "^18.2.18",
    "@types/ws": "^8.5.10",
    "@vitejs/plugin-react": "^4.2.1",
    "autoprefixer": "^10.4.16",
    "drizzle-kit": "^0.20.9",
    "esbuild": "^0.19.11",
    "postcss": "^8.4.32",
    "vite": "^5.0.10"
  },
  "engines": {
    "node": ">=18.0.0"
  },
  "repository": {
    "type": "git",
    "url": "https://github.com/yourusername/sehha-plus.git"
  },
  "keywords": [
    "medical",
    "ai",
    "diagnosis",
    "healthcare",
    "morocco",
    "french"
  ],
  "author": "Sehha+ Team",
  "license": "MIT"
}